Metric,Value
RMSE,0.6572189389253293
MAE,0.533770295049023
Users,895.0
Recommendations,8950.0
